proforma_sequence	precursor_charge	reference_irt	predicted_irt	residual
LGGNEQVTR	2	-24.916114000	4.212379456	29.128493456
GAGSSEPVTGLDAK	2	0.000940333	25.860712051	25.859771718
VEATFGVDESNAK	2	12.389374889	35.197746277	22.808371388
YILAGVENSK	2	19.787910667	43.580413818	23.792503152
TPVISGGPYEYR	2	28.714581222	45.989707947	17.275126725
TPVITGAPYEYR	2	33.381243000	50.594791412	17.213548412
DGLDAASYYAPVR	2	42.263888444	57.406913757	15.143025313
ADVTPADFSEWSK	2	54.621042000	65.789321899	11.168279899
GTFIIDPGGVIR	2	70.518741333	82.867973328	12.349231994
GTFIIDPAAVIR	2	87.233222333	93.666275024	6.433052691
LFLQFGAQGSPFLK	2	100.002821667	101.570053101	1.567231434
